{
  "accuracy": 0.4674735367298126,
  "loss": 1.282590627670288,
  "val_accuracy": 0.11631420254707336,
  "val_loss": 4.491851329803467,
  "epoch": 49,
  "global_step": 2700
}