{
  "accuracy": 0.5737518668174744,
  "loss": 1.134974479675293,
  "val_accuracy": 0.13141994178295135,
  "val_loss": 3.3932249546051025,
  "epoch": 48,
  "global_step": 2548
}