{
  "accuracy": 0.6255673170089722,
  "loss": 0.9850705862045288,
  "val_accuracy": 0.1344410926103592,
  "val_loss": 3.318099021911621,
  "epoch": 49,
  "global_step": 4300
}