{
  "accuracy": 0.45990923047065735,
  "loss": 1.6381431818008423,
  "val_accuracy": 0.07401812821626663,
  "val_loss": 4.182115077972412,
  "epoch": 49,
  "global_step": 3500
}