{
  "accuracy": 0.5828290581703186,
  "loss": 1.0857644081115723,
  "val_accuracy": 0.13293051719665527,
  "val_loss": 3.144925594329834,
  "epoch": 49,
  "global_step": 3350
}