{
  "accuracy": 0.6399394869804382,
  "loss": 0.8740151524543762,
  "val_accuracy": 0.15256798267364502,
  "val_loss": 2.8707072734832764,
  "epoch": 47,
  "global_step": 2160
}