{
  "accuracy": 0.4629349410533905,
  "loss": 2.21216082572937,
  "val_accuracy": 0.0876132920384407,
  "val_loss": 5.063953399658203,
  "epoch": 49,
  "global_step": 2350
}