{
  "accuracy": 0.6142208576202393,
  "loss": 0.9678773283958435,
  "val_accuracy": 0.12990936636924744,
  "val_loss": 2.922903299331665,
  "epoch": 49,
  "global_step": 2300
}