{
  "accuracy": 0.608169436454773,
  "loss": 1.0165528059005737,
  "val_accuracy": 0.12537764012813568,
  "val_loss": 3.4776761531829834,
  "epoch": 49,
  "global_step": 2450
}