{
  "accuracy": 0.47617247700691223,
  "loss": 1.4117071628570557,
  "val_accuracy": 0.0709969773888588,
  "val_loss": 3.8309104442596436,
  "epoch": 48,
  "global_step": 3038
}