{
  "accuracy": 0.6425870060920715,
  "loss": 0.9151947498321533,
  "val_accuracy": 0.11782477051019669,
  "val_loss": 2.9861621856689453,
  "epoch": 48,
  "global_step": 2891
}