{
  "accuracy": 0.5431165099143982,
  "loss": 1.1812189817428589,
  "val_accuracy": 0.12084592133760452,
  "val_loss": 3.4925079345703125,
  "epoch": 49,
  "global_step": 2900
}