{
  "accuracy": 0.48903176188468933,
  "loss": 1.563873291015625,
  "val_accuracy": 0.09365558624267578,
  "val_loss": 4.009087562561035,
  "epoch": 49,
  "global_step": 3500
}