{
  "accuracy": 0.643343448638916,
  "loss": 0.8897417783737183,
  "val_accuracy": 0.13293051719665527,
  "val_loss": 3.116036891937256,
  "epoch": 49,
  "global_step": 3500
}