{
  "accuracy": 0.48071104288101196,
  "loss": 1.8136848211288452,
  "val_accuracy": 0.12386707216501236,
  "val_loss": 4.420412063598633,
  "epoch": 49,
  "global_step": 3150
}