{
  "accuracy": 0.4981089234352112,
  "loss": 1.2233936786651611,
  "val_accuracy": 0.14048337936401367,
  "val_loss": 3.927337169647217,
  "epoch": 49,
  "global_step": 2900
}