{
  "accuracy": 0.4421331286430359,
  "loss": 1.3672233819961548,
  "val_accuracy": 0.10876133292913437,
  "val_loss": 4.785584926605225,
  "epoch": 49,
  "global_step": 4600
}