{
  "accuracy": 0.45310136675834656,
  "loss": 1.3440388441085815,
  "val_accuracy": 0.04984894394874573,
  "val_loss": 3.443326950073242,
  "epoch": 48,
  "global_step": 4067
}