{
  "accuracy": 0.5412254333496094,
  "loss": 1.1851266622543335,
  "val_accuracy": 0.1193353459239006,
  "val_loss": 3.6845157146453857,
  "epoch": 49,
  "global_step": 8300
}