{
  "accuracy": 0.6229197978973389,
  "loss": 1.0264289379119873,
  "val_accuracy": 0.14048337936401367,
  "val_loss": 3.253835916519165,
  "epoch": 48,
  "global_step": 2450
}