{
  "accuracy": 0.6354008913040161,
  "loss": 0.9165638089179993,
  "val_accuracy": 0.14803625643253326,
  "val_loss": 3.0918149948120117,
  "epoch": 48,
  "global_step": 2744
}