{
  "accuracy": 0.6463691592216492,
  "loss": 0.9872677326202393,
  "val_accuracy": 0.13746222853660583,
  "val_loss": 3.268091917037964,
  "epoch": 48,
  "global_step": 2793
}