{
  "accuracy": 0.6501513123512268,
  "loss": 0.9798253178596497,
  "val_accuracy": 0.13293051719665527,
  "val_loss": 3.0479846000671387,
  "epoch": 47,
  "global_step": 2112
}