{
  "accuracy": 0.5419818162918091,
  "loss": 1.1800051927566528,
  "val_accuracy": 0.09818731248378754,
  "val_loss": 3.531482696533203,
  "epoch": 49,
  "global_step": 3150
}