{
  "accuracy": 0.45801815390586853,
  "loss": 1.4332748651504517,
  "val_accuracy": 0.11480362713336945,
  "val_loss": 4.170091152191162,
  "epoch": 47,
  "global_step": 3360
}