{
  "accuracy": 0.6554462909698486,
  "loss": 0.9209742546081543,
  "val_accuracy": 0.12235649675130844,
  "val_loss": 3.0035300254821777,
  "epoch": 49,
  "global_step": 6650
}