{
  "accuracy": 0.6391830444335938,
  "loss": 0.9531581401824951,
  "val_accuracy": 0.1419939547777176,
  "val_loss": 3.257169008255005,
  "epoch": 49,
  "global_step": 4750
}