{
  "accuracy": 0.5086989402770996,
  "loss": 1.6103116273880005,
  "val_accuracy": 0.13293051719665527,
  "val_loss": 4.09808349609375,
  "epoch": 47,
  "global_step": 4704
}