{
  "accuracy": 0.5956883430480957,
  "loss": 1.0042973756790161,
  "val_accuracy": 0.11329305171966553,
  "val_loss": 2.768575668334961,
  "epoch": 49,
  "global_step": 2800
}