{
  "accuracy": 0.5972012281417847,
  "loss": 1.0902310609817505,
  "val_accuracy": 0.13897280395030975,
  "val_loss": 3.069488763809204,
  "epoch": 49,
  "global_step": 2650
}