{
  "accuracy": 0.5571104288101196,
  "loss": 1.1315960884094238,
  "val_accuracy": 0.12235649675130844,
  "val_loss": 3.4799580574035645,
  "epoch": 47,
  "global_step": 2736
}