{
  "accuracy": 0.6123297810554504,
  "loss": 1.0198962688446045,
  "val_accuracy": 0.1359516680240631,
  "val_loss": 3.305748462677002,
  "epoch": 49,
  "global_step": 2100
}