{
  "accuracy": 0.6546898484230042,
  "loss": 0.8756250143051147,
  "val_accuracy": 0.1268882155418396,
  "val_loss": 3.0608506202697754,
  "epoch": 48,
  "global_step": 2793
}