{
  "accuracy": 0.601739764213562,
  "loss": 1.0211384296417236,
  "val_accuracy": 0.14048337936401367,
  "val_loss": 3.1672539710998535,
  "epoch": 49,
  "global_step": 4300
}