{
  "accuracy": 0.6093040704727173,
  "loss": 1.0315617322921753,
  "val_accuracy": 0.1344410926103592,
  "val_loss": 3.4663660526275635,
  "epoch": 49,
  "global_step": 2100
}