{
  "accuracy": 0.4534795880317688,
  "loss": 1.3036189079284668,
  "val_accuracy": 0.18429003655910492,
  "val_loss": 3.7595841884613037,
  "epoch": 49,
  "global_step": 3350
}