{
  "accuracy": 0.6357791423797607,
  "loss": 0.9116764068603516,
  "val_accuracy": 0.1586102694272995,
  "val_loss": 3.046525478363037,
  "epoch": 48,
  "global_step": 6174
}