{
  "accuracy": 0.6221634149551392,
  "loss": 1.0313092470169067,
  "val_accuracy": 0.1419939547777176,
  "val_loss": 3.4415903091430664,
  "epoch": 49,
  "global_step": 2650
}