{
  "accuracy": 0.6331316232681274,
  "loss": 1.0013995170593262,
  "val_accuracy": 0.1193353459239006,
  "val_loss": 3.3333051204681396,
  "epoch": 49,
  "global_step": 4750
}