{
  "accuracy": 0.6297276616096497,
  "loss": 0.9457796216011047,
  "val_accuracy": 0.13293051719665527,
  "val_loss": 2.9576079845428467,
  "epoch": 49,
  "global_step": 7350
}