{
  "accuracy": 0.5953101515769958,
  "loss": 0.9738395810127258,
  "val_accuracy": 0.12990936636924744,
  "val_loss": 3.355905771255493,
  "epoch": 49,
  "global_step": 2100
}