{
  "accuracy": 0.47012102603912354,
  "loss": 1.4769270420074463,
  "val_accuracy": 0.1193353459239006,
  "val_loss": 4.3019843101501465,
  "epoch": 47,
  "global_step": 4896
}