{
  "accuracy": 0.487897127866745,
  "loss": 1.3752247095108032,
  "val_accuracy": 0.14501510560512543,
  "val_loss": 3.567189931869507,
  "epoch": 15,
  "global_step": 784
}