{
  "accuracy": 0.6244326829910278,
  "loss": 0.974689245223999,
  "val_accuracy": 0.14048337936401367,
  "val_loss": 3.2692506313323975,
  "epoch": 47,
  "global_step": 2928
}