{
  "accuracy": 0.6161119341850281,
  "loss": 1.056296944618225,
  "val_accuracy": 0.1268882155418396,
  "val_loss": 3.4508590698242188,
  "epoch": 47,
  "global_step": 2496
}