{
  "accuracy": 0.5922844409942627,
  "loss": 1.0923066139221191,
  "val_accuracy": 0.12537764012813568,
  "val_loss": 3.299680709838867,
  "epoch": 49,
  "global_step": 2950
}