{
  "accuracy": 0.5695915222167969,
  "loss": 1.1276352405548096,
  "val_accuracy": 0.1435045301914215,
  "val_loss": 3.5128040313720703,
  "epoch": 49,
  "global_step": 2450
}