{
  "accuracy": 0.5722390413284302,
  "loss": 1.044189214706421,
  "val_accuracy": 0.1193353459239006,
  "val_loss": 3.136622905731201,
  "epoch": 49,
  "global_step": 2150
}