{
  "accuracy": 0.5998486876487732,
  "loss": 1.040242075920105,
  "val_accuracy": 0.14652568101882935,
  "val_loss": 3.0250699520111084,
  "epoch": 49,
  "global_step": 2450
}