{
  "accuracy": 0.622541606426239,
  "loss": 1.0078049898147583,
  "val_accuracy": 0.11782477051019669,
  "val_loss": 3.4932327270507812,
  "epoch": 49,
  "global_step": 3100
}