{
  "accuracy": 0.6013615727424622,
  "loss": 1.0262078046798706,
  "val_accuracy": 0.12839879095554352,
  "val_loss": 3.100632667541504,
  "epoch": 47,
  "global_step": 2400
}