{
  "accuracy": 0.6074129939079285,
  "loss": 1.0476058721542358,
  "val_accuracy": 0.10574018210172653,
  "val_loss": 3.4742000102996826,
  "epoch": 49,
  "global_step": 2250
}