{
  "accuracy": 0.5801815390586853,
  "loss": 1.0584620237350464,
  "val_accuracy": 0.09818731248378754,
  "val_loss": 3.172672748565674,
  "epoch": 47,
  "global_step": 4416
}