{
  "accuracy": 0.6471255421638489,
  "loss": 0.9601069092750549,
  "val_accuracy": 0.12235649675130844,
  "val_loss": 3.1811563968658447,
  "epoch": 48,
  "global_step": 4361
}