{
  "accuracy": 0.5480332970619202,
  "loss": 1.1267802715301514,
  "val_accuracy": 0.08308157324790955,
  "val_loss": 3.0268242359161377,
  "epoch": 48,
  "global_step": 2156
}