{
  "accuracy": 0.6009833812713623,
  "loss": 1.0069347620010376,
  "val_accuracy": 0.1268882155418396,
  "val_loss": 3.3711862564086914,
  "epoch": 49,
  "global_step": 3700
}