{
  "accuracy": 0.6002269387245178,
  "loss": 1.0198975801467896,
  "val_accuracy": 0.13141994178295135,
  "val_loss": 3.4099581241607666,
  "epoch": 49,
  "global_step": 3900
}