{
  "accuracy": 0.6614977121353149,
  "loss": 0.9261904954910278,
  "val_accuracy": 0.13293051719665527,
  "val_loss": 3.087031841278076,
  "epoch": 49,
  "global_step": 7800
}