{
  "accuracy": 0.5745083093643188,
  "loss": 1.1089251041412354,
  "val_accuracy": 0.1419939547777176,
  "val_loss": 3.241037130355835,
  "epoch": 49,
  "global_step": 2300
}