{
  "accuracy": 0.5468986630439758,
  "loss": 1.1874055862426758,
  "val_accuracy": 0.12990936636924744,
  "val_loss": 3.447010040283203,
  "epoch": 48,
  "global_step": 2499
}