{
  "accuracy": 0.5574886798858643,
  "loss": 1.1317404508590698,
  "val_accuracy": 0.09063444286584854,
  "val_loss": 3.1686811447143555,
  "epoch": 48,
  "global_step": 2107
}