{
  "accuracy": 0.6221634149551392,
  "loss": 0.971392810344696,
  "val_accuracy": 0.1344410926103592,
  "val_loss": 3.154545545578003,
  "epoch": 49,
  "global_step": 6650
}