{
  "accuracy": 0.4621785283088684,
  "loss": 1.8353594541549683,
  "val_accuracy": 0.10422960668802261,
  "val_loss": 4.804401397705078,
  "epoch": 49,
  "global_step": 3150
}