{
  "accuracy": 0.6161119341850281,
  "loss": 0.9699263572692871,
  "val_accuracy": 0.13293051719665527,
  "val_loss": 2.920604944229126,
  "epoch": 48,
  "global_step": 2989
}