{
  "accuracy": 0.5461422204971313,
  "loss": 1.1795750856399536,
  "val_accuracy": 0.12084592133760452,
  "val_loss": 3.4766170978546143,
  "epoch": 48,
  "global_step": 2646
}