{
  "accuracy": 0.5896369218826294,
  "loss": 1.0155060291290283,
  "val_accuracy": 0.13897280395030975,
  "val_loss": 3.3952064514160156,
  "epoch": 49,
  "global_step": 3900
}