{
  "accuracy": 0.5832072496414185,
  "loss": 1.1384918689727783,
  "val_accuracy": 0.1419939547777176,
  "val_loss": 3.355142116546631,
  "epoch": 46,
  "global_step": 2115
}