{
  "accuracy": 0.5767776370048523,
  "loss": 1.1237578392028809,
  "val_accuracy": 0.12537764012813568,
  "val_loss": 3.4451797008514404,
  "epoch": 49,
  "global_step": 2250
}