{
  "accuracy": 0.593419075012207,
  "loss": 1.0965665578842163,
  "val_accuracy": 0.09365558624267578,
  "val_loss": 3.6762688159942627,
  "epoch": 49,
  "global_step": 2100
}