{
  "accuracy": 0.5907715559005737,
  "loss": 1.0266062021255493,
  "val_accuracy": 0.1268882155418396,
  "val_loss": 2.662188768386841,
  "epoch": 47,
  "global_step": 3120
}