{
  "accuracy": 0.5801815390586853,
  "loss": 1.0901868343353271,
  "val_accuracy": 0.12537764012813568,
  "val_loss": 3.743350028991699,
  "epoch": 48,
  "global_step": 3626
}