{
  "accuracy": 0.5113464593887329,
  "loss": 1.1735835075378418,
  "val_accuracy": 0.10574018210172653,
  "val_loss": 3.5030481815338135,
  "epoch": 49,
  "global_step": 6300
}