{
  "accuracy": 0.43986383080482483,
  "loss": 1.7392672300338745,
  "val_accuracy": 0.09818731248378754,
  "val_loss": 4.688941955566406,
  "epoch": 49,
  "global_step": 2900
}