{
  "accuracy": 0.5805597305297852,
  "loss": 1.0917636156082153,
  "val_accuracy": 0.13141994178295135,
  "val_loss": 3.420564651489258,
  "epoch": 48,
  "global_step": 3626
}