{
  "accuracy": 0.49886536598205566,
  "loss": 1.463527798652649,
  "val_accuracy": 0.13293051719665527,
  "val_loss": 4.17169713973999,
  "epoch": 49,
  "global_step": 3800
}