{
  "accuracy": 0.4648260176181793,
  "loss": 1.271057367324829,
  "val_accuracy": 0.18126888573169708,
  "val_loss": 4.305728435516357,
  "epoch": 49,
  "global_step": 3350
}