{
  "accuracy": 0.5850983262062073,
  "loss": 0.9913716912269592,
  "val_accuracy": 0.11178247630596161,
  "val_loss": 2.9688563346862793,
  "epoch": 48,
  "global_step": 2401
}