{
  "accuracy": 0.6104387044906616,
  "loss": 1.0094256401062012,
  "val_accuracy": 0.1344410926103592,
  "val_loss": 2.9578096866607666,
  "epoch": 48,
  "global_step": 6860
}