{
  "accuracy": 0.47201210260391235,
  "loss": 1.2855513095855713,
  "val_accuracy": 0.07854984700679779,
  "val_loss": 3.6937789916992188,
  "epoch": 47,
  "global_step": 2928
}