{
  "accuracy": 0.6437216401100159,
  "loss": 0.9171086549758911,
  "val_accuracy": 0.15407854318618774,
  "val_loss": 3.017772674560547,
  "epoch": 49,
  "global_step": 5300
}