{
  "accuracy": 0.5953101515769958,
  "loss": 1.0218439102172852,
  "val_accuracy": 0.1435045301914215,
  "val_loss": 3.2825725078582764,
  "epoch": 48,
  "global_step": 5439
}