{
  "accuracy": 0.5714825987815857,
  "loss": 1.1124658584594727,
  "val_accuracy": 0.1344410926103592,
  "val_loss": 3.1860156059265137,
  "epoch": 48,
  "global_step": 3332
}