{
  "accuracy": 0.5495461225509644,
  "loss": 1.1023883819580078,
  "val_accuracy": 0.1419939547777176,
  "val_loss": 3.489912748336792,
  "epoch": 47,
  "global_step": 2304
}