{
  "accuracy": 0.5718607902526855,
  "loss": 1.0409533977508545,
  "val_accuracy": 0.1359516680240631,
  "val_loss": 3.222236156463623,
  "epoch": 47,
  "global_step": 5808
}