{
  "accuracy": 0.5813161730766296,
  "loss": 1.065656304359436,
  "val_accuracy": 0.13293051719665527,
  "val_loss": 3.0530130863189697,
  "epoch": 48,
  "global_step": 3969
}