{
  "accuracy": 0.6021180152893066,
  "loss": 1.0712512731552124,
  "val_accuracy": 0.13897280395030975,
  "val_loss": 3.169257640838623,
  "epoch": 49,
  "global_step": 5300
}