{
  "accuracy": 0.5972012281417847,
  "loss": 1.0563819408416748,
  "val_accuracy": 0.13293051719665527,
  "val_loss": 3.273480176925659,
  "epoch": 48,
  "global_step": 2499
}