{
  "accuracy": 0.48487141728401184,
  "loss": 1.2229684591293335,
  "val_accuracy": 0.1193353459239006,
  "val_loss": 3.900712490081787,
  "epoch": 49,
  "global_step": 5750
}