{
  "accuracy": 0.47541603446006775,
  "loss": 1.6921172142028809,
  "val_accuracy": 0.1344410926103592,
  "val_loss": 4.414693355560303,
  "epoch": 48,
  "global_step": 2989
}