{
  "accuracy": 0.5540847182273865,
  "loss": 1.0635186433792114,
  "val_accuracy": 0.14501510560512543,
  "val_loss": 3.2985072135925293,
  "epoch": 49,
  "global_step": 3100
}