{
  "accuracy": 0.5926626324653625,
  "loss": 1.0690821409225464,
  "val_accuracy": 0.11631420254707336,
  "val_loss": 3.401965856552124,
  "epoch": 48,
  "global_step": 2352
}