{
  "accuracy": 0.5915279984474182,
  "loss": 1.0345009565353394,
  "val_accuracy": 0.13746222853660583,
  "val_loss": 3.2489378452301025,
  "epoch": 49,
  "global_step": 3250
}