{
  "accuracy": 0.47806355357170105,
  "loss": 1.5668847560882568,
  "val_accuracy": 0.13141994178295135,
  "val_loss": 4.215848922729492,
  "epoch": 49,
  "global_step": 3900
}